event_id,source_id,relationship
TWD-E0001,TWD-S0027,supports_observation
TWD-E0002,TWD-S0030,supports_observation
TWD-E0003,TWD-S0013,supports_observation
TWD-E0004,TWD-S0003,supports_observation
TWD-E0005,TWD-S0004,supports_observation
TWD-E0006,TWD-S0028,supports_observation
TWD-E0007,TWD-S0029,supports_observation
TWD-E0008,TWD-S0032,supports_observation
TWD-E0009,TWD-S0020,supports_observation
TWD-E0010,TWD-S0006,supports_observation
TWD-E0010,TWD-S0085,supports_observation
TWD-E0011,TWD-S0007,supports_observation
TWD-E0012,TWD-S0005,supports_observation
TWD-E0013,TWD-S0012,supports_observation
TWD-E0014,TWD-S0086,supports_observation
TWD-E0015,TWD-S0008,supports_observation
TWD-E0016,TWD-S0025,supports_observation
TWD-E0017,TWD-S0033,supports_observation
TWD-E0018,TWD-S0087,supports_observation
TWD-E0019,TWD-S0088,supports_observation
TWD-E0020,TWD-S0031,supports_observation
TWD-E0021,TWD-S0026,supports_observation
TWD-E0022,TWD-S0082,supports_observation
TWD-E0023,TWD-S0021,supports_observation
TWD-E0024,TWD-S0022,supports_observation
TWD-E0024,TWD-S0023,supports_observation
TWD-E0025,TWD-S0009,supports_observation
TWD-E0026,TWD-S0034,supports_observation
TWD-E0026,TWD-S0035,supports_observation
TWD-E0027,TWD-S0010,supports_observation
TWD-E0028,TWD-S0011,supports_observation
TWD-E0029,TWD-S0044,supports_observation
TWD-E0030,TWD-S0011,supports_observation
TWD-E0031,TWD-S0061,supports_observation
TWD-E0032,TWD-S0036,supports_observation
TWD-E0032,TWD-S0040,supports_observation
TWD-E0033,TWD-S0002,supports_observation
TWD-E0033,TWD-S0037,supports_observation
TWD-E0034,TWD-S0062,supports_observation
TWD-E0035,TWD-S0063,supports_observation
TWD-E0036,TWD-S0064,supports_observation
TWD-E0037,TWD-S0065,supports_observation
TWD-E0037,TWD-S0066,supports_observation
TWD-E0038,TWD-S0038,supports_observation
TWD-E0038,TWD-S0048,supports_observation
TWD-E0039,TWD-S0041,supports_observation
TWD-E0039,TWD-S0067,supports_observation
TWD-E0040,TWD-S0068,supports_observation
TWD-E0041,TWD-S0069,supports_observation
TWD-E0042,TWD-S0039,supports_observation
TWD-E0042,TWD-S0070,supports_observation
TWD-E0043,TWD-S0071,supports_observation
TWD-E0044,TWD-S0046,supports_observation
TWD-E0044,TWD-S0050,supports_observation
TWD-E0045,TWD-S0018,supports_observation
TWD-E0046,TWD-S0072,supports_observation
TWD-E0047,TWD-S0047,supports_observation
TWD-E0048,TWD-S0073,supports_observation
TWD-E0049,TWD-S0042,supports_observation
TWD-E0050,TWD-S0043,supports_observation
TWD-E0051,TWD-S0045,supports_observation
TWD-E0052,TWD-S0001,supports_observation
TWD-E0053,TWD-S0074,supports_observation
TWD-E0054,TWD-S0051,supports_observation
TWD-E0054,TWD-S0083,supports_observation
TWD-E0055,TWD-S0017,supports_observation
TWD-E0056,TWD-S0075,supports_observation
TWD-E0057,TWD-S0076,supports_observation
TWD-E0058,TWD-S0015,supports_observation
TWD-E0059,TWD-S0077,supports_observation
TWD-E0060,TWD-S0078,supports_observation
TWD-E0061,TWD-S0079,supports_observation
TWD-E0062,TWD-S0080,supports_observation
TWD-E0063,TWD-S0016,supports_observation
TWD-E0063,TWD-S0081,supports_observation
TWD-E0064,TWD-S0058,supports_observation
TWD-E0065,TWD-S0019,supports_observation
TWD-E0066,TWD-S0059,supports_observation
TWD-E0067,TWD-S0024,supports_observation
TWD-E0068,TWD-S0052,supports_observation
TWD-E0069,TWD-S0053,supports_observation
TWD-E0070,TWD-S0054,supports_observation
TWD-E0071,TWD-S0049,supports_observation
TWD-E0072,TWD-S0060,supports_observation
TWD-E0073,TWD-S0014,supports_observation
TWD-E0073,TWD-S0084,supports_observation
TWD-E0074,TWD-S0055,supports_observation
TWD-E0075,TWD-S0056,supports_observation
TWD-E0076,TWD-S0057,supports_observation
