event_id,name,aliases_json,event_type,start_date,end_date,time_precision,reported_areas_json
TWD-E0001,90年奇比颱風,"[""奇比""]",typhoon,2001-06-22,2001-06-24,day_range,"[""臺灣""]"
TWD-E0002,90年尤特颱風,"[""尤特""]",typhoon,2001-07-03,2001-07-05,day_range,"[""臺灣""]"
TWD-E0003,90年潭美颱風,"[""潭美""]",typhoon,2001-07-10,2001-07-11,day_range,"[""屏東縣屏東市"",""屏東縣恆春鎮"",""屏東縣枋山鄉"",""屏東縣滿州鄉"",""屏東縣萬丹鄉"",""屏東縣車城鄉"",""高雄縣大寮鄉"",""高雄縣鳥松鄉"",""高雄縣鳳山市""]"
TWD-E0004,90年桃芝颱風,"[""桃芝""]",typhoon,2001-07-28,2001-07-31,day_range,"[""嘉義縣中埔鄉"",""嘉義縣民雄鄉"",""嘉義縣鹿草鄉"",""臺南縣後壁鄉"",""雲林縣斗六市""]"
TWD-E0005,90年納莉颱風,"[""納莉"",""納莉颱風""]",typhoon,2001-09-15,2001-09-19,day_range,"[""彰化縣大城鄉"",""彰化縣竹塘鄉"",""桃園縣龍潭鄉""]"
TWD-E0006,90年海燕颱風,"[""海燕""]",typhoon,2001-10-15,2001-10-16,day_range,"[""臺灣""]"
TWD-E0007,91年雷馬遜颱風,"[""雷馬遜""]",typhoon,2002-07-02,2002-07-04,day_range,"[""臺灣""]"
TWD-E0008,91年娜克莉颱風,"[""娜克莉""]",typhoon,2002-07-09,2002-07-10,day_range,"[""高雄市""]"
TWD-E0009,92年莫拉克颱風,"[""莫拉克""]",typhoon,2003-08-03,,day,"[""臺南市、高雄市（第六河川局轄內）""]"
TWD-E0010,93年0628敏督利颱風,"[""敏督利"",""敏督利颱風""]",typhoon,2004-06-28,2004-07-03,day_range,"[""嘉義市東區"",""嘉義縣水上鄉"",""臺中縣"",""臺南市南區"",""臺南縣東山鄉"",""雲林縣斗六市"",""雲林縣臺西鄉"",""雲林縣麥寮鄉"",""高雄縣六龜鄉"",""高雄縣甲仙鄉""]"
TWD-E0011,93年艾利颱風,"[""艾利""]",typhoon,2004-08-23,2004-08-26,day_range,"[""宜蘭縣壯圍鄉"",""新竹市北區"",""新竹縣橫山鄉"",""新竹縣竹北市"",""新竹縣竹東鎮"",""苗栗縣三灣鄉"",""苗栗縣三義鄉"",""苗栗縣卓蘭鎮"",""苗栗縣南庄鄉""]"
TWD-E0012,93年海馬颱風,"[""海馬""]",typhoon,2004-09-11,2004-09-13,day_range,"[""臺灣""]"
TWD-E0013,93年納坦颱風,"[""納坦""]",typhoon,2004-10-23,2004-10-26,day_range,"[""宜蘭縣大同鄉""]"
TWD-E0014,94-06-12豪雨,"[""0612豪雨"",""94年0612豪雨""]",heavy_rain,2005-06-12,,day,"[""臺灣""]"
TWD-E0015,94年海棠颱風,"[""海棠""]",typhoon,2005-07-16,2005-07-21,day_range,"[""臺南市南區"",""臺南縣仁德鄉"",""臺南縣學甲鎮"",""臺南縣麻豆鎮""]"
TWD-E0016,94年泰利颱風,"[""泰利""]",typhoon,2005-08-30,2005-09-02,day_range,"[""嘉義縣大埔鄉、臺南市楠西區""]"
TWD-E0017,95年珍珠颱風,"[""珍珠""]",typhoon,2006-05-16,2006-05-18,day_range,"[""臺灣""]"
TWD-E0018,95年0609豪雨,"[""0609豪雨""]",heavy_rain,2006-06-09,2006-06-09,day,"[""臺灣""]"
TWD-E0019,96年0604豪雨,"[""0604豪雨""]",heavy_rain,2007-06-04,2007-06-13,day_range,"[""臺灣""]"
TWD-E0020,96年0809豪雨,"[""0809豪雨""]",heavy_rain,2007-08-09,2007-08-15,day_range,"[""臺灣""]"
TWD-E0021,96年柯羅莎颱風,"[""柯羅莎颱風""]",typhoon,2007-10-04,2007-10-07,day_range,"[""臺灣""]"
TWD-E0022,97-07-18卡玫基颱風,"[""97年0718卡玫基颱風"",""卡玫基"",""卡玫基颱風""]",typhoon,2008-07-18,,day,"[""臺灣""]"
TWD-E0023,97年鳳凰颱風,"[""鳳凰"",""鳳凰颱風""]",typhoon,2008-07-26,2008-07-31,day_range,"[""宜蘭縣大同鄉""]"
TWD-E0024,97年辛樂克颱風,"[""辛樂克"",""辛樂克颱風""]",typhoon,2008-09-11,2008-09-19,day_range,"[""臺中市豐原區／后里區""]"
TWD-E0025,97年薔蜜颱風,"[""薔蜜颱風""]",typhoon,2008-09-24,2008-09-29,day_range,"[""臺北市""]"
TWD-E0026,98年1003芭瑪颱風,"[""芭瑪"",""芭瑪颱風""]",typhoon,2009-10-03,2009-10-07,day_range,"[""宜蘭縣""]"
TWD-E0027,99年0726豪雨,[],heavy_rain,2010-07-26,2010-07-29,day_range,"[""臺灣""]"
TWD-E0028,99年萊羅克颱風,"[""萊羅克颱風""]",typhoon,2010-08-31,2010-09-02,day_range,"[""臺灣""]"
TWD-E0029,99年0918凡那比颱風,"[""凡那比"",""凡那比颱風""]",typhoon,2010-09-18,2010-09-19,day_range,"[""屏東縣"",""屏東縣三地門鄉"",""屏東縣內埔鄉"",""屏東縣瑪家鄉"",""臺南縣"",""臺南縣善化鎮"",""臺南縣麻豆鎮"",""高雄縣"",""高雄縣六龜鄉"",""高雄縣杉林鄉"",""高雄縣甲仙鄉""]"
TWD-E0030,99年1016豪雨,"[""1016豪雨""]",heavy_rain,2010-10-16,2010-10-17,day_range,"[""臺灣""]"
TWD-E0031,0612豪雨,[],heavy_rain,2011-06-12,2011-06-12,day,"[""新北市三峽區"",""新北市坪林區"",""桃園市復興區"",""桃園市龜山區""]"
TWD-E0032,101年0610豪雨,"[""0610豪雨""]",heavy_rain,2012-06-10,,day,"[""屏東縣三地門鄉"",""屏東縣來義鄉"",""屏東縣屏東市"",""屏東縣高樹鄉"",""臺南市左鎮區"",""臺灣"",""高雄市六龜區"",""高雄市桃源區"",""高雄市燕巢區"",""高雄市甲仙區"",""高雄市茂林區"",""高雄市那瑪夏區""]"
TWD-E0033,101年0619泰利颱風,"[""泰利""]",typhoon,2012-06-19,2012-06-21,day_range,"[""嘉義縣中埔鄉"",""嘉義縣水上鄉"",""嘉義縣番路鄉"",""臺南市"",""臺南市北門區"",""臺南市善化區"",""臺南市永康區"",""臺南市玉井區"",""臺南市白河區"",""臺南市麻豆區"",""臺灣"",""雲林縣古坑鄉"",""雲林縣臺西鄉""]"
TWD-E0034,0519豪雨,[],heavy_rain,2013-05-19,2013-05-19,day,"[""嘉義縣／南投縣（公告未提供完整行政區拆分）"",""多區省道山區路段"",""臺灣""]"
TWD-E0035,102年0711蘇力颱風,"[""蘇力颱風""]",typhoon,2013-07-11,2013-07-14,day_range,"[""宜蘭縣大同鄉"",""宜蘭縣大同鄉／臺中市和平區""]"
TWD-E0036,102-08-22潭美颱風,"[""102年0822潭美颱風"",""潭美颱風""]",typhoon,2013-08-22,,day,"[""南投縣信義鄉／嘉義縣阿里山鄉"",""南投縣水里鄉""]"
TWD-E0037,102-08-29康芮颱風,"[""102年0829康芮颱風"",""康芮颱風""]",typhoon,2013-08-28,2013-08-30,day_range,"[""嘉義縣大林鎮／民雄鄉"",""嘉義縣水上鄉／太保市"",""屏東縣獅子鄉／臺東縣達仁鄉"",""屏東縣霧臺鄉"",""臺南市善化區"",""臺南市左鎮區"",""臺南市新化區／關廟區"",""苗栗縣獅潭鄉"",""高雄市桃源區"",""高雄市田寮區""]"
TWD-E0038,102年0919天兔颱風,"[""天兔颱風""]",typhoon,2013-09-19,,day,"[""臺東縣"",""臺東縣大武鄉"",""臺東縣成功鎮"",""臺東縣綠島鄉"",""臺東縣臺東市"",""臺東縣達仁鄉"",""花蓮縣秀林鄉""]"
TWD-E0039,102年1004菲特颱風,"[""菲特颱風""]",typhoon,2013-10-04,2013-10-07,day_range,"[""桃園縣復興鄉""]"
TWD-E0040,103年哈吉貝颱風,"[""哈吉貝颱風""]",typhoon,2014-06-14,2014-06-15,day_range,"[""臺東縣（第三區養護工程處轄區）"",""臺灣""]"
TWD-E0041,103年麥德姆颱風公路局分階段道路管制,[],typhoon,2014-07-22,2014-07-25,day_range,"[""宜蘭縣"",""宜蘭縣大同鄉"",""宜蘭縣大同鄉／臺中市和平區"",""宜蘭縣蘇澳鎮／花蓮縣秀林鄉"",""臺中市和平區／花蓮縣秀林鄉"",""花蓮縣光復鄉／豐濱鄉"",""花蓮縣富里鄉／臺東縣""]"
TWD-E0042,103年0919鳳凰颱風,"[""鳳凰颱風""]",typhoon,2014-09-19,,day,"[""臺東縣"",""臺東縣大武鄉"",""臺東縣海端鄉"",""臺東縣臺東市"",""花蓮縣光復鄉至豐濱鄉""]"
TWD-E0043,104年蘇迪勒颱風公路局分階段道路管制,"[""2015蘇迪勒颱風"",""蘇迪勒"",""蘇迪勒颱風""]",typhoon,2015-08-07,2015-08-10,day_range,"[""宜蘭縣大同鄉／臺中市和平區"",""宜蘭縣蘇澳鎮／花蓮縣秀林鄉"",""臺中市和平區／花蓮縣秀林鄉"",""臺東縣海端鄉"",""花蓮縣光復鄉／豐濱鄉"",""花蓮縣富里鄉／臺東縣東河鄉""]"
TWD-E0044,104年0927杜鵑颱風,"[""杜鵑"",""杜鵑颱風""]",typhoon,2015-09-27,2015-09-29,day_range,"[""新北市"",""新北市烏來區"",""雲林縣""]"
TWD-E0045,105年0610豪雨,"[""豪雨""]",heavy_rain,2016-06-10,2016-06-14,day_range,"[""臺灣""]"
TWD-E0046,尼伯特颱風阿里山公路分階段預警性封閉,"[""2016尼伯特颱風"",""尼伯特"",""尼伯特颱風""]",typhoon,2016-07-07,2016-07-09,day_range,"[""嘉義縣阿里山公路""]"
TWD-E0047,105年0912莫蘭蒂颱風,"[""莫蘭蒂"",""莫蘭蒂颱風""]",typhoon,2016-09-12,2016-09-14,day_range,"[""屏東縣"",""臺東縣""]"
TWD-E0048,105-09-27梅姬颱風,"[""105年0927梅姬颱風"",""梅姬"",""梅姬颱風""]",typhoon,2016-09-26,2016-09-27,day_range,"[""宜蘭縣蘇澳鎮至花蓮縣秀林鄉""]"
TWD-E0049,106年0601豪雨,"[""0601豪雨""]",heavy_rain,2017-06-01,,day,"[""南投縣"",""南投縣埔里鎮"",""新北市"",""新北市汐止區"",""新北市石門區"",""臺灣"",""高雄市六龜區"",""高雄市桃源區"",""高雄市那瑪夏區""]"
TWD-E0050,106年0613豪雨,"[""0613豪雨""]",heavy_rain,2017-06-13,,day,"[""南投縣"",""南投縣信義鄉""]"
TWD-E0051,106年0729尼莎暨海棠颱風,"[""妮莎"",""尼莎暨海棠颱風"",""海棠""]",typhoon,2017-07-29,,day,"[""南投縣"",""宜蘭縣"",""屏東縣""]"
TWD-E0052,106年1011豪雨,"[""1011豪雨""]",heavy_rain,2017-10-11,2017-10-18,day_range,"[""宜蘭縣"",""新北市、宜蘭縣、花蓮縣、臺東縣"",""臺東縣"",""臺灣""]"
TWD-E0053,0613豪雨,[],heavy_rain,2018-06-13,2018-06-15,day_range,"[""臺灣""]"
TWD-E0054,107年0619豪雨,"[""豪雨""]",heavy_rain,2018-06-19,2018-06-20,day_range,"[""屏東縣"",""屏東縣霧臺鄉"",""臺灣"",""高雄市那瑪夏區""]"
TWD-E0055,107年0823熱帶低壓水災,"[""豪雨""]",heavy_rain,2018-08-22,2018-08-31,day_range,"[""嘉義縣"",""臺南市"",""屏東縣"",""高雄市""]"
TWD-E0056,107年0823豪雨嘉義縣災情,[],heavy_rain,2018-08-23,2018-08-28,day_range,"[""南投縣信義鄉"",""嘉義縣太保市"",""嘉義縣民雄鄉"",""嘉義縣水上鄉"",""嘉義縣／臺南市交界"",""臺南市""]"
TWD-E0057,山竹颱風,[],typhoon,2018-09-14,2018-09-16,day_range,"[""南區養護工程分局轄區""]"
TWD-E0058,108年0520豪雨,[],heavy_rain,2019-05-19,2019-05-20,day_range,"[""基隆市、新竹市、苗栗縣、南投縣"",""臺灣""]"
TWD-E0059,108年0717丹娜絲颱風公路應變事件,[],typhoon,2019-07-17,2019-07-22,day_range,[]
TWD-E0060,108年0807利奇馬颱風公路道路管制事件,[],typhoon,2019-08-08,2019-08-12,day_range,[]
TWD-E0061,108年0823白鹿颱風公路道路災阻事件,[],typhoon,2019-08-23,2019-08-26,day_range,[]
TWD-E0062,108年0929米塔颱風公路道路應變事件,[],typhoon,2019-09-29,2019-10-05,day_range,"[""臺灣""]"
TWD-E0063,109年0522水災,[],water_disaster,2020-05-18,2020-05-24,day_range,"[""南投縣、臺南市、高雄市、屏東縣"",""臺灣"",""高雄市"",""高雄市岡山區"",""高雄市燕巢區"",""高雄市那瑪夏區""]"
TWD-E0064,111年尼莎颱風公路道路應變事件,[],typhoon,2022-10-15,2022-10-19,day_range,"[""桃園市復興區"",""臺東縣海端鄉"",""花蓮縣秀林鄉""]"
TWD-E0065,111年1029豪雨,[],heavy_rain,2022-10-29,2022-11-01,day_range,"[""臺灣""]"
TWD-E0066,112年杜蘇芮颱風公路道路管制事件,[],typhoon,2023-07-24,2023-07-28,day_range,"[""屏東縣三地門鄉"",""臺東縣太麻里鄉"",""臺東縣海端鄉"",""臺東縣海端鄉／高雄市桃源區"",""花蓮縣富里鄉／臺東縣東河鄉"",""花蓮縣秀林鄉"",""高雄市桃源區"",""高雄市那瑪夏區""]"
TWD-E0067,112年卡努颱風公路救災事件,[],typhoon,2023-08-04,2023-08-06,day_range,"[""南投縣仁愛鄉""]"
TWD-E0068,112年蘇拉颱風公路防災應變事件,[],typhoon,2023-08-28,2023-08-31,day_range,"[""臺灣""]"
TWD-E0069,112年海葵颱風公路道路管制事件,[],typhoon,2023-09-01,2023-09-06,day_range,"[""宜蘭縣南澳鄉／花蓮縣秀林鄉"",""屏東縣三地門鄉"",""桃園市復興區／宜蘭縣大同鄉"",""臺中市和平區／宜蘭縣大同鄉"",""臺東縣太麻里鄉"",""臺東縣海端鄉"",""花蓮縣光復鄉"",""花蓮縣富里鄉／臺東縣東河鄉"",""花蓮縣秀林鄉"",""高雄市桃源區"",""高雄市那瑪夏區""]"
TWD-E0070,112年小犬颱風公路道路管制事件,[],typhoon,2023-10-02,2023-10-12,day_range,"[""屏東縣三地門鄉"",""臺東縣太麻里鄉"",""臺東縣海端鄉"",""花蓮縣光復鄉"",""花蓮縣富里鄉／臺東縣東河鄉"",""花蓮縣秀林鄉"",""高雄市桃源區"",""高雄市那瑪夏區""]"
TWD-E0071,113年凱米颱風公路局預警性道路管制,[],typhoon,2024-07-24,2024-07-27,day_range,"[""南投縣信義鄉"",""嘉義縣阿里山鄉"",""基隆市中正區"",""桃園市復興區"",""花蓮縣光復鄉／豐濱鄉""]"
TWD-E0072,113年山陀兒颱風公路道路通阻事件,[],typhoon,2024-09-29,2024-10-06,day_range,"[""屏東縣東港鎮"",""屏東縣林邊鄉"",""臺東縣海端鄉"",""高雄市旗山區"",""高雄市桃源區""]"
TWD-E0073,113年康芮颱風,[],typhoon,2024-10-29,2024-11-04,day_range,"[""臺灣"",""雲林、嘉義轄區""]"
TWD-E0074,114年丹娜絲颱風公路道路管制事件,[],typhoon,2025-07-05,2025-07-22,day_range,"[""嘉義縣中埔鄉／大埔鄉"",""嘉義縣阿里山鄉"",""屏東縣三地門鄉"",""臺中市和平區"",""臺中市和平區／南投縣仁愛鄉"",""臺東縣海端鄉"",""高雄市六龜區"",""高雄市桃源區"",""高雄市那瑪夏區""]"
TWD-E0075,114年薇帕颱風公路防災應變事件,[],typhoon,2025-07-18,2025-07-20,day_range,"[""臺灣""]"
TWD-E0076,114年0728豪雨公路道路通阻事件,[],heavy_rain,2025-07-27,2025-08-11,day_range,"[""南投縣集集鎮"",""南投縣魚池鄉"",""嘉義縣大埔鄉"",""嘉義縣阿里山鄉"",""臺東縣海端鄉"",""高雄市六龜區"",""高雄市桃源區"",""高雄市桃源區／臺東縣海端鄉"",""高雄市那瑪夏區""]"
