source_id,publisher,title,source_type,url,retrieved_at,versions_json,snapshot_sha256,rights_status,rights_basis_url,rights_note
TWD-S0001,Executive Yuan Office of Disaster Management,1011 Heavy Rain Disaster Response Measures in Disaster Prevention Weekly Report,official web page,https://cdprc.ey.gov.tw/File/5DFAB95F990C34B4,2026-09-05T00:00:00+08:00,"[""weekly-report-20171018-v1""]",d0b704dfa4df3c53b135582229a62777fb7dcd7a12fac9c475eb5a88b9c0b5b9,website_open_statement,https://www.ey.gov.tw/Page/2EADDBFEDDB6357E,"Attribution required. Only normalized, non-PII factual records are included; original documents are not redistributed."
TWD-S0002,"National Fire Agency, Ministry of the Interior",102年消防白皮書 p.192 — 101年0619泰利中央災害應變中心一級開設,official web page,https://ebook.nfa.gov.tw/whitepaper/102/files/basic-html/page192.html,2026-09-08T00:00:00+08:00,"[""official-whitepaper-page192-v1""]",861669d24c4e1f503212e917fd2de37ae1207c090923ffeb6bd427066dffa246,website_open_statement,https://www.nfa.gov.tw/eng/index.php?code=list&ids=634,"Attribution required. Only normalized, non-PII factual records are included; original documents are not redistributed."
TWD-S0003,"Water Resources Agency, Ministry of Economic Affairs",90年桃芝颱風應變報告,official web page,https://web-ws.wra.gov.tw/Download.ashx?n=OTDmoYPoip3porHpoqjmh4nororloLHlkYoucGRm&u=LzAwMS9VcGxvYWQvNDQ5L3JlbGZpbGUvMTI4NDEvMzk1MjAvMzczNTdmZWEtMGMxZi00NDFiLTkyMGItNzE4MWVkODBlZmEwLnBkZg%3D%3D,2026-09-05T13:55:53+08:00,"[""official-response-report-v1""]",e358db9ccc537e11d7260c71d9b2e5709e008036d01a27247c76a2bf75faed37,website_open_statement,https://www.wra.gov.tw/wra02/cp.aspx?n=9884,"Attribution required. Only normalized, non-PII factual records are included; original documents are not redistributed."
TWD-S0004,"Water Resources Agency, Ministry of Economic Affairs",90年納莉颱風應變報告,official web page,https://web-ws.wra.gov.tw/Download.ashx?n=OTDntI3ojonporHpoqjmh4nororloLHlkYoucGRm&u=LzAwMS9VcGxvYWQvNDQ5L3JlbGZpbGUvMTI4NDEvMzk1MTgvYTU2ZmZhYzAtNjUxZC00NTVmLWIzMWEtZjZhYmIzN2YwOTgwLnBkZg%3D%3D,2026-09-05T14:26:32+08:00,"[""official-response-report-v1""]",38902147b1401a59d9d631f9c89590dce65bb196c26f07c1cf7484ff618baeda,website_open_statement,https://www.wra.gov.tw/wra02/cp.aspx?n=9884,"Attribution required. Only normalized, non-PII factual records are included; original documents are not redistributed."
TWD-S0005,"Water Resources Agency, Ministry of Economic Affairs",93年海馬颱風應變報告,official web page,https://web-ws.wra.gov.tw/Download.ashx?n=OTMg5rW36aas6aKx6aKoLnBkZg%3D%3D&u=LzAwMS9VcGxvYWQvNDQ5L3JlbGZpbGUvMTI4NDEvMzk1NTAvYmFmMDY2OGMtMjIxYi00ZDIwLWJkM2QtZmEzZWJhNGJjYjM3LnBkZg%3D%3D,2026-09-06T09:26:53+08:00,"[""official-response-report-v1""]",b93069307c90d27a542377e8960747049ab65c8a7a6d87608db9c58d55648ccb,website_open_statement,https://www.wra.gov.tw/wra02/cp.aspx?n=9884,"Attribution required. Only normalized, non-PII factual records are included; original documents are not redistributed."
TWD-S0006,"Water Resources Agency, Ministry of Economic Affairs",93年敏督利颱風應變報告,official web page,https://web-ws.wra.gov.tw/Download.ashx?n=OTPmlY%2FnnaPliKnporHpoqjmh4nororloLHlkYoucGRm&u=LzAwMS9VcGxvYWQvNDQ5L3JlbGZpbGUvMTI4NDEvMzk1MTcvMTMyMDI4ZjYtNWVkMC00NWJiLWI4YTktMDdlZWMzYTUyYzFiLnBkZg%3D%3D,2026-09-05T00:46:16+08:00,"[""official-response-report-v1""]",d448cf23b04b920b2be4bd1f57ed36d1db0a4045abe4346bdf65fdaa76920f38,website_open_statement,https://www.wra.gov.tw/wra02/cp.aspx?n=9884,"Attribution required. Only normalized, non-PII factual records are included; original documents are not redistributed."
TWD-S0007,"Water Resources Agency, Ministry of Economic Affairs",93年艾利颱風應變報告,official web page,https://web-ws.wra.gov.tw/Download.ashx?n=OTPoib7liKnporHpoqjmh4nororloLHlkYoucGRm&u=LzAwMS9VcGxvYWQvNDQ5L3JlbGZpbGUvMTI4NDEvMzk1MTYvOTY4YzU0NTItMTBlNS00YWU4LTg3YzMtODhmM2ZjYzkxY2QyLnBkZg%3D%3D,2026-09-05T17:05:00+08:00,"[""official-response-report-v1""]",563457d9ff30939f8f7223a343fa1722e9454eb80e080c40160f83885567d00d,website_open_statement,https://www.wra.gov.tw/wra02/cp.aspx?n=9884,"Attribution required. Only normalized, non-PII factual records are included; original documents are not redistributed."
TWD-S0008,"Water Resources Agency, Ministry of Economic Affairs",94年海棠颱風災害應變處置報告,official web page,https://web-ws.wra.gov.tw/Download.ashx?n=OTTmtbfmo6DporHpoqjmh4nororloLHlkYoucGRm&u=LzAwMS9VcGxvYWQvNDQ5L3JlbGZpbGUvMTI4NDEvMzk1MzYvNDkyZGVkZmEtNzY0ZS00YTBmLThkMWQtYzNlYmRiNzc2M2YwLnBkZg%3D%3D,2026-09-05T17:05:00+08:00,"[""official-response-report-v1""]",f7e5bfc6d5045af720495ad198e269f9da00625e2f731f623a09660a535a24dc,website_open_statement,https://www.wra.gov.tw/wra02/cp.aspx?n=9884,"Attribution required. Only normalized, non-PII factual records are included; original documents are not redistributed."
TWD-S0009,"Water Resources Agency, Ministry of Economic Affairs",97年薔蜜颱風,official web page,https://web-ws.wra.gov.tw/Download.ashx?n=OTfolpTonJzporHpoqjmh4nororloLHlkYoucGRm&u=LzAwMS9VcGxvYWQvNDQ5L3JlbGZpbGUvMTI4NDEvMzk1MzQvYjlmMjBjMDMtNDQ3YS00ZTM1LWI4YTktOGNlZTAyMzYxOWM4LnBkZg%3D%3D,2026-09-05T19:50:35+08:00,"[""official-response-report-v1""]",b451cdd2b97ba15810b6279ee69a5859595740178ae057f886e6bb3471ce25e6,website_open_statement,https://www.wra.gov.tw/wra02/cp.aspx?n=9884,"Attribution required. Only normalized, non-PII factual records are included; original documents are not redistributed."
TWD-S0010,"Water Resources Agency, Ministry of Economic Affairs",《參 2010 水利災害應變處置紀實》,official web page,https://web-ws.wra.gov.tw/Download.ashx?n=OTlyZXBvcnRDSDMucGRm&u=LzAwMS9VcGxvYWQvNDQ5L3JlbGZpbGUvMTI2NDQvNDA3LzFjYzMxYjRiLTc3MjEtNDQ2ZS05NDc0LWY4OTgxNjg1YWQ5OS5wZGY%3D,2026-09-07T03:02:00+08:00,"[""official-response-report-v1""]",5e6a2fa6b6f99ba3efdd4e51496935140e84092327b9ad3a9f95e23b20983492,website_open_statement,https://www.wra.gov.tw/wra02/cp.aspx?n=9884,"Attribution required. Only normalized, non-PII factual records are included; original documents are not redistributed."
TWD-S0011,"Water Resources Agency, Ministry of Economic Affairs","2010 Flood and Drought Mitigation Annual Report, chapter 3",official web page,https://web-ws.wra.gov.tw/Download.ashx?n=OTlyZXBvcnRDSDMucGRm&u=LzAwMS9VcGxvYWQvNDQ5L3JlbGZpbGUvMTI2NDQvNDA3LzFjYzMxYjRiLTc3MjEtNDQ2ZS05NDc0LWY4OTgxNjg1YWQ5OS5wZGY%3D,2026-09-05T10:16:57+08:00,"[""official-annual-report-ch3-v1""]",9b792f7efbe04935e142f0950100d4e16acf6b8fd43eed99819e32607e951dff,website_open_statement,https://www.wra.gov.tw/wra02/cp.aspx?n=9884,"Attribution required. Only normalized, non-PII factual records are included; original documents are not redistributed."
TWD-S0012,"Water Resources Agency, Ministry of Economic Affairs",93年納坦颱風應變報告,official web page,https://web-ws.wra.gov.tw/Download.ashx?u=LzAwMS9VcGxvYWQvNDQ5L3JlbGZpbGUvMTI4NDEvMzk1MTUvMzYxMjdhMzUtMDI0Zi00NDQ2LWIyZDUtMDNiMWFlOGFjYTIzLnBkZg%3d%3d&n=OTPntI3lnabporHpoqjmh4nororloLHlkYoucGRm,2026-09-05T18:00:00+08:00,"[""official-response-report-v1""]",abb3bc661617c0fb6c9c0979bc01ed853455f51b13a27bd5f35f95a149dde02d,website_open_statement,https://www.wra.gov.tw/wra02/cp.aspx?n=9884,"Attribution required. Only normalized, non-PII factual records are included; original documents are not redistributed."
TWD-S0013,"Water Resources Agency, Ministry of Economic Affairs",90年潭美颱風應變報告,official web page,https://web-ws.wra.gov.tw/Download.ashx?u=LzAwMS9VcGxvYWQvNDQ5L3JlbGZpbGUvMTI4NDEvMzk1NTEvNDA5MjkxZWMtYjQ4MS00NzJhLTg2MWItMGM5NTQ3ZWIxZjdmLnBkZg%3d%3d&n=OTDmva3nvo7porHpoqjmh4nororloLHlkYoucGRm,2026-09-05T16:23:04+08:00,"[""official-response-report-v1""]",55ff4c3bbfb9fdf5c500df2041ac6943a3c4168db49439aba7f163dea915cb5c,website_open_statement,https://www.wra.gov.tw/wra02/cp.aspx?n=9884,"Attribution required. Only normalized, non-PII factual records are included; original documents are not redistributed."
TWD-S0014,"Water Resources Agency, Ministry of Economic Affairs",康芮颱風災害緊急應變小組工作執行報告,official web page,https://web-ws.wra.gov.tw/Download.ashx?u=LzAwMS9VcGxvYWQvNDQ5L3JlbGZpbGUvMTI4NDEvNTQwODMvN2MwYjY3MWYtMzg4Ni00MjEyLWJjZTEtYWYwNGI3MDE2ZGJjLnBkZg%3d%3d&n=MTEz5bm0MTAyOeW6t%2biKrumisemiqOaHieiuiuW3peS9nOWft%2bihjOWgseWRii5wZGY%3d,2026-08-11T23:11:28+08:00,"[""official-pdf-v1""]",79ebd74b703275bcf9d4903aacf67f39728abdbcf30bacd7a6437e4000b40d6f,website_open_statement,https://www.wra.gov.tw/wra02/cp.aspx?n=9884,"Attribution required. Only normalized, non-PII factual records are included; original documents are not redistributed."
TWD-S0015,"Water Resources Agency, Ministry of Economic Affairs",108 0520豪雨事件,official web page,https://web.wra.gov.tw/ferc/News_Content.aspx?_CSN=586&n=7993&s=39558,2026-09-07T02:37:44+08:00,"[""official-event-report-v1""]",73efd69a922979cabd4a4f6c17765ea88d57c359b8fed356037095dba257f048,website_open_statement,https://www.wra.gov.tw/wra02/cp.aspx?n=9884,"Attribution required. Only normalized, non-PII factual records are included; original documents are not redistributed."
TWD-S0016,"Water Resources Agency, Ministry of Economic Affairs",109 0522水災,official web page,https://web.wra.gov.tw/ferc/News_Content.aspx?n=7993&s=39556&sms=12842,2026-09-07T02:37:44+08:00,"[""official-event-report-v1""]",6ee6d9708153660516ec0461f6900d6daca7bfb0527dadd729ca2abada8f34d4,website_open_statement,https://www.wra.gov.tw/wra02/cp.aspx?n=9884,"Attribution required. Only normalized, non-PII factual records are included; original documents are not redistributed."
TWD-S0017,"Water Resources Agency, Ministry of Economic Affairs",107 0823 Tropical Low-Pressure Flood Event,official web page,https://web.wra.gov.tw/ferc/News_Content.aspx?n=7993&s=39557,2026-09-05T13:16:00+08:00,"[""official-event-page-v1""]",6a4d059148f074da3a8c2c8af98b8658dd15f7338f64cd7f5bcf2cebc3dfd4e7,website_open_statement,https://www.wra.gov.tw/wra02/cp.aspx?n=9884,"Attribution required. Only normalized, non-PII factual records are included; original documents are not redistributed."
TWD-S0018,"Water Resources Agency, Ministry of Economic Affairs",105 0610 Heavy Rain Event,official web page,https://web.wra.gov.tw/ferc/News_Content.aspx?n=7993&s=39561,2026-09-05T13:19:34+08:00,"[""official-event-page-v1""]",5249aaf073860b5d2449602bdc68282bc34c2513d6fb75a5a2b0b77b9731a7e8,website_open_statement,https://www.wra.gov.tw/wra02/cp.aspx?n=9884,"Attribution required. Only normalized, non-PII factual records are included; original documents are not redistributed."
TWD-S0019,"Water Resources Agency, Ministry of Economic Affairs",111年1029豪雨災害緊急應變小組工作執行報告,official web page,https://web.wra.gov.tw/ferc/cp.aspx?n=7936,2026-09-07T02:37:44+08:00,"[""official-response-report-v1""]",69cdba989cd795cf7699cd6ca7613ec5f38bfc221faabb951109fdae9e20598c,website_open_statement,https://www.wra.gov.tw/wra02/cp.aspx?n=9884,"Attribution required. Only normalized, non-PII factual records are included; original documents are not redistributed."
TWD-S0020,"Water Resources Agency, Ministry of Economic Affairs, Sixth River Management Division",《莫拉克》颱風報告（第六河川局館藏摘要）,official web page,https://web.wra.gov.tw/wralib/WraLib/wSite/books_60832,2026-09-05T18:30:00+08:00,"[""official-library-summary-v1""]",219ca8cee96081db78fdd766333377827765f85aab1828c31f39ad27eb867ce2,website_open_statement,https://www.wra.gov.tw/wra02/cp.aspx?n=9884,"Attribution required. Only normalized, non-PII factual records are included; original documents are not redistributed."
TWD-S0021,"Directorate General of Highways, Ministry of Transportation and Communications",THB 2008 Fenghuang Typhoon Road-Response Bulletin No. 274,official PDF,https://ws.thb.gov.tw/001/Upload/OldFile/resource/Menus/Menu09/main0903/main0903-3/274.pdf,2026-09-05T15:17:08+08:00,"[""official-bulletin-v1""]",f8ef5c390db7be8ffe5bfc3500d6488d2f2bcb0392214ea177b548a0ee3814af,website_open_statement,https://www.thb.gov.tw/cp.aspx?n=439,"Attribution required. Only normalized, non-PII factual records are included; original documents are not redistributed."
TWD-S0022,"Directorate General of Highways, Ministry of Transportation and Communications",THB 2008 Sinlaku Typhoon Road-Response Bulletin No. 277,official PDF,https://ws.thb.gov.tw/001/Upload/OldFile/resource/Menus/Menu09/main0903/main0903-3/277.pdf,2026-09-05T15:50:17+08:00,"[""official-bulletin-277-v1""]",283f4558944c2f480e66b2a3680858f0cc60219911f8d2393b9840080668cad6,website_open_statement,https://www.thb.gov.tw/cp.aspx?n=439,"Attribution required. Only normalized, non-PII factual records are included; original documents are not redistributed."
TWD-S0023,"Directorate General of Highways, Ministry of Transportation and Communications",THB Sinlaku Houfeng Bridge Road-Response Follow-up Bulletin No. 280,official PDF,https://ws.thb.gov.tw/001/Upload/OldFile/resource/Menus/Menu09/main0903/main0903-3/280.pdf,2026-09-05T15:50:17+08:00,"[""official-bulletin-280-v1""]",2437a16f8c23258ae2028696afb2880758e2654cd12cbbf67ab2709d99733c6b,website_open_statement,https://www.thb.gov.tw/cp.aspx?n=439,"Attribution required. Only normalized, non-PII factual records are included; original documents are not redistributed."
TWD-S0024,"Highway Bureau, Ministry of Transportation and Communications","Highway Bureau, MOTC Annual Report 2023",official web page,https://ws.thb.gov.tw/Download.ashx?icon=.pdf&n=5YWs6Lev5bGAMTEy5bm05aCxLnBkZg%3D%3D&u=LzAwMS9VcGxvYWQvNDM3L3JlbGZpbGUvMTIyODYvMjY4LzQwMjhkMTcxLTJhYzktNGJjMC04YTBmLTUzYjczY2QzOWI1Yy5wZGY%3D,2026-08-11T22:30:49+08:00,"[""official-pdf-v1""]",f87e9dbc52e86eb05c96791853613e140b7d0e5b5bf4e33625264fafa4e01f5a,website_open_statement,https://www.thb.gov.tw/cp.aspx?n=439,"Attribution required. Only normalized, non-PII factual records are included; original documents are not redistributed."
TWD-S0025,"Water Resources Agency, Ministry of Economic Affairs",電廠至東口堰間輸水專管可行性規劃,official PDF,https://www-ws.wra.gov.tw/001/Upload/433/relfile/9995/14542/872bc495-395c-4329-b345-f1b11975af3c.pdf,2026-09-06T08:10:41+08:00,"[""official-reservoir-operation-v1""]",4b672c68c595b7b502e4aa73b9e7733292a8c624f58811fc06acb4a4fff7cfb4,website_open_statement,https://www.wra.gov.tw/wra02/cp.aspx?n=9884,"Attribution required. Only normalized, non-PII factual records are included; original documents are not redistributed."
TWD-S0026,"Water Resources Agency, Ministry of Economic Affairs",09610柯羅莎颱風淡水河洪水報告,official web page,https://www-ws.wra.gov.tw/Download.ashx?n=MDk2MTDmn6%2FnvoXojo7porHpoqjmt6HmsLTmsrPmtKrmsLTloLHlkYoucGRm&u=LzAwMS9VcGxvYWQvNDIzL3JlbGZpbGUvMC8zMzYxOS85ZGNiMGEyMS1hMDA3LTQ5YWItYmFmOC02ZmQ0NDk5NTYyN2UucGRm,2026-09-06T00:56:31+08:00,"[""official-flood-report-v1""]",ad1ca963c884bee35d5f14dbd6c2992d6e47ea69d79dc003e94523f27dc8a600,website_open_statement,https://www.wra.gov.tw/wra02/cp.aspx?n=9884,"Attribution required. Only normalized, non-PII factual records are included; original documents are not redistributed."
TWD-S0027,"Executive Yuan, Taiwan",行政院第二七四０次院會決議（奇比颱風應變作為）,official web page,https://www.ey.gov.tw/Page/4EC2394BE4EE9DD0/12a24f7a-11d7-4427-b14e-8f4c90879161,2026-09-07T00:00:00+08:00,"[""official-cabinet-resolution-v1""]",160898718009c946f4992d206093671e37359b74cbd787a87bd7b29e11c067c5,website_open_statement,https://www.ey.gov.tw/Page/2EADDBFEDDB6357E,"Attribution required. Only normalized, non-PII factual records are included; original documents are not redistributed."
TWD-S0028,"Executive Yuan, Taiwan",行政院第二七五六次院會決議（海燕颱風應變作為）,official web page,https://www.ey.gov.tw/Page/4EC2394BE4EE9DD0/15ba3ac7-95c5-41d1-a384-cdd0b7dd5e18,2026-09-07T00:00:00+08:00,"[""official-cabinet-resolution-v1""]",1b75d177dd6cf6817c53bd4c397890f91083dd6d097bfd30e0a6b42704be29da,website_open_statement,https://www.ey.gov.tw/Page/2EADDBFEDDB6357E,"Attribution required. Only normalized, non-PII factual records are included; original documents are not redistributed."
TWD-S0029,"Executive Yuan, Taiwan",行政院第二七九三次院會決議（雷馬遜颱風應變作為）,official web page,https://www.ey.gov.tw/Page/4EC2394BE4EE9DD0/32473636-5229-4618-928b-48b6b604275b,2026-09-07T00:00:00+08:00,"[""official-cabinet-resolution-v1""]",c783b0e803594816b05027bb6410077e9cac9b3d63f5fa83b0efd38aaed71ad0,website_open_statement,https://www.ey.gov.tw/Page/2EADDBFEDDB6357E,"Attribution required. Only normalized, non-PII factual records are included; original documents are not redistributed."
TWD-S0030,"Executive Yuan, Taiwan",行政院第2741次院會決議（尤特颱風應變作為）,official web page,https://www.ey.gov.tw/Page/4EC2394BE4EE9DD0/5149dae7-9c19-4e23-8399-4cdd17fd626e,2026-09-06T10:10:04+08:00,"[""official-cabinet-resolution-v1""]",9f7204cb1876a112fbefea8709294ef27ff2551eb51aa03b9bf9553f19a67692,website_open_statement,https://www.ey.gov.tw/Page/2EADDBFEDDB6357E,"Attribution required. Only normalized, non-PII factual records are included; original documents are not redistributed."
TWD-S0031,"Executive Yuan, Taiwan",行政院第3054次院會決議（0809豪雨災情及處置說明）,official web page,https://www.ey.gov.tw/Page/4EC2394BE4EE9DD0/d9066bcb-b574-45e7-b519-4cf8d5a0b789,2026-09-06T01:25:18+08:00,"[""official-cabinet-resolution-v1""]",6dd08399f27cc0e52ac1d243d02f970ee4e5486dbe2a12f7544d103c1a73a372,website_open_statement,https://www.ey.gov.tw/Page/2EADDBFEDDB6357E,"Attribution required. Only normalized, non-PII factual records are included; original documents are not redistributed."
TWD-S0032,"Executive Yuan, Taiwan",行政院第二七九四次院會決議（娜克莉颱風救援紀錄）,official web page,https://www.ey.gov.tw/Page/4EC2394BE4EE9DD0/d907c023-1ed3-4af7-bd80-8b78135fb713,2026-09-07T00:00:00+08:00,"[""official-cabinet-resolution-v1""]",f018c7aff4852274781fe52f383854080cf58979c55b4fe3e71b3c0796b8ca5e,website_open_statement,https://www.ey.gov.tw/Page/2EADDBFEDDB6357E,"Attribution required. Only normalized, non-PII factual records are included; original documents are not redistributed."
TWD-S0033,"Executive Yuan, Taiwan",2006年05月17日蘇貞昌院長視察中央應變防災中心（珍珠颱風）,official web page,https://www.ey.gov.tw/Page/85695CF8981C15BD/6e4e97a7-0e73-4d1c-825f-3052c152ec77,2026-09-07T00:00:00+08:00,"[""official-video-news-v1""]",a86dc5d5306c92dcf6ba53cb319611b67ee41eeffc6883992446a2e9d59eac9e,website_open_statement,https://www.ey.gov.tw/Page/2EADDBFEDDB6357E,"Attribution required. Only normalized, non-PII factual records are included; original documents are not redistributed."
TWD-S0034,Executive Yuan Central Disaster Response Center,中央災害應變中心請地方政府協助紅色警戒區民眾儘速撤離,official web page,https://www.ey.gov.tw/Page/9277F759E41CCD91/632802a3-2f50-4ecf-a4a3-c26e288b1884,2026-09-08T19:59:47+08:00,"[""official-response-briefing-v1""]",6b8a664271fae1bcbbcbbf06fe34b4544b7cfd173dd512c427469b1fb62a346a,website_open_statement,https://www.ey.gov.tw/Page/2EADDBFEDDB6357E,"Attribution required. Only normalized, non-PII factual records are included; original documents are not redistributed."
TWD-S0035,Executive Yuan Central Disaster Response Center,芭瑪颱風應變中心資源調度與宜蘭防災準備公告,official web page,https://www.ey.gov.tw/Page/9277F759E41CCD91/9b9a0f32-1770-418d-be2f-106e3b86cebc,2026-09-05T19:13:42+08:00,"[""official-page-v1""]",77f0ad2a0be0dd9422e479df1b554001282cb98c34a5f7bc7c9e43d5d46f06d2,website_open_statement,https://www.ey.gov.tw/Page/2EADDBFEDDB6357E,"Attribution required. Only normalized, non-PII factual records are included; original documents are not redistributed."
TWD-S0036,"National Fire Agency, Ministry of the Interior",0610 Heavy Rain Flood Disaster Emergency Response Report,official PDF,https://www.nfa.gov.tw/upload/cht/attachment/2c62b174ddce83c8d99bd5c1fe48c322.pdf,2026-09-04T23:49:20+08:00,"[""central-eoc-report-20120616-v1""]",9e05cc6afa7ba171a9bcd33c213a56022ca5b27fb5d4bbc5dd3c54d98ac62d64,website_open_statement,https://www.nfa.gov.tw/eng/index.php?code=list&ids=634,"Attribution required. Only normalized, non-PII factual records are included; original documents are not redistributed."
TWD-S0037,"National Fire Agency, Ministry of the Interior",2012 Talim Typhoon Central Emergency Operations Response Report No. 4,official PDF,https://www.nfa.gov.tw/upload/cht/attachment/30dcafce8b375cd9a810ca666fd60795.pdf,2026-09-05T05:00:00+08:00,"[""report-4-v1""]",fa07cfc7486da84e6a129f05d0704fd3722c843e140cd7f24b820dafd8cbf521,website_open_statement,https://www.nfa.gov.tw/eng/index.php?code=list&ids=634,"Attribution required. Only normalized, non-PII factual records are included; original documents are not redistributed."
TWD-S0038,"National Fire Agency, Ministry of the Interior",2013 Tian Tu Typhoon Central Emergency Operations Response Report No. 3,official PDF,https://www.nfa.gov.tw/upload/cht/attachment/39ded8fb32cb1c12a941ed76db5feab9.pdf,2026-09-05T02:01:00+08:00,"[""report-3-v1""]",221b72c2f9bea5f2771ba8e6e6a71216a4411ff6b2974b9f12ba564c58a68ba6,website_open_statement,https://www.nfa.gov.tw/eng/index.php?code=list&ids=634,"Attribution required. Only normalized, non-PII factual records are included; original documents are not redistributed."
TWD-S0039,"National Fire Agency, Ministry of the Interior",2014 Fenghuang Typhoon Central Emergency Operations Response Report No. 3,official PDF,https://www.nfa.gov.tw/upload/cht/attachment/3dafa02208ecba8e8ad49b58cead8a5b.pdf,2026-09-05T02:35:00+08:00,"[""report-3-v1""]",83841aced74fabd95c4c6341d8e539027890099c72b6a717d0b141ad207a83a7,website_open_statement,https://www.nfa.gov.tw/eng/index.php?code=list&ids=634,"Attribution required. Only normalized, non-PII factual records are included; original documents are not redistributed."
TWD-S0040,"National Fire Agency, Ministry of the Interior",0610 Heavy Rain Flood Disaster Emergency Response Report — 2012-06-12 snapshot,official PDF,https://www.nfa.gov.tw/upload/cht/attachment/517db23c216e09427f58e972a0d20915.pdf,2026-09-08T05:10:14+08:00,"[""central-eoc-report-20120612-2130-v1""]",7e2c7f149bc4e7cd08e4a1d9480e05b5dd69d91ec14f1bba6d79ae8be8f078c8,website_open_statement,https://www.nfa.gov.tw/eng/index.php?code=list&ids=634,"Attribution required. Only normalized, non-PII factual records are included; original documents are not redistributed."
TWD-S0041,"National Fire Agency, Ministry of the Interior",2013 Fete Typhoon Central Emergency Operations Response Report No. 2,official PDF,https://www.nfa.gov.tw/upload/cht/attachment/8289ef3db597a552e976f3d70e48b1a6.pdf,2026-09-05T01:27:00+08:00,"[""report-2-v1""]",b362da0a4335f1c08f93976deca75f1ca80a707097c22ddde5bc45a0b774d8c1,website_open_statement,https://www.nfa.gov.tw/eng/index.php?code=list&ids=634,"Attribution required. Only normalized, non-PII factual records are included; original documents are not redistributed."
TWD-S0042,"National Fire Agency, Ministry of the Interior",0601 Heavy Rain Flood Disaster Emergency Response Report,official PDF,https://www.nfa.gov.tw/upload/cht/attachment/96cc8fea40c3102eede2dbd2df2f4fa0.pdf,2026-09-05T05:00:00+08:00,"[""report-opening-v1"",""report-v1""]",3c6c67ac97889870dcb35c1efb41ec907ae3b79236b88e6205207769df52674f,website_open_statement,https://www.nfa.gov.tw/eng/index.php?code=list&ids=634,"Attribution required. Only normalized, non-PII factual records are included; original documents are not redistributed."
TWD-S0043,"National Fire Agency, Ministry of the Interior",2017 0613 Heavy Rain Flood Disaster Emergency Response Report,official PDF,https://www.nfa.gov.tw/upload/cht/attachment/ad888625983c0e5fb5d7d68529b618f9.pdf,2026-09-05T03:19:58+08:00,"[""report-2017-0613-v1""]",bd47b534eeed2deac98155077d638357a4f6177b54184a273f137d883cea753c,website_open_statement,https://www.nfa.gov.tw/eng/index.php?code=list&ids=634,"Attribution required. Only normalized, non-PII factual records are included; original documents are not redistributed."
TWD-S0044,"National Fire Agency, Ministry of the Interior",2010 Fanapi Typhoon Central Emergency Operations Response Report No. 5,official PDF,https://www.nfa.gov.tw/upload/cht/attachment/b2a21dfe92595945234fb25a48131163.pdf,2026-09-05T03:45:00+08:00,"[""report-5-v1""]",770f23580908f319adc85ba3223f89e2fbb33e08ac97fef64dddf31245b5088d,website_open_statement,https://www.nfa.gov.tw/eng/index.php?code=list&ids=634,"Attribution required. Only normalized, non-PII factual records are included; original documents are not redistributed."
TWD-S0045,"National Fire Agency, Ministry of the Interior",2017 Nisha and Haitang Typhoon Central Emergency Operations Response Report No. 3,official PDF,https://www.nfa.gov.tw/upload/cht/attachment/b912a2e8f1225dbce511b0a41da4f122.pdf,2026-09-05T02:35:00+08:00,"[""report-3-v1""]",9fdaa73433420a28a074678e24d9270540ae0a8bb212bb01ccbfe0aced0c91d9,website_open_statement,https://www.nfa.gov.tw/eng/index.php?code=list&ids=634,"Attribution required. Only normalized, non-PII factual records are included; original documents are not redistributed."
TWD-S0046,"National Fire Agency, Ministry of the Interior",2015 Dujuan Typhoon Central Emergency Operations Response Report No. 3,official PDF,https://www.nfa.gov.tw/upload/cht/attachment/ca8ac2f33f2dc1ef9d0a8a8398b1f1b1.pdf,2026-09-05T03:45:00+08:00,"[""report-3-v1""]",a4289bc10af4af4cf9db51123904d6895efab316c88c1f5c47281b936d423e28,website_open_statement,https://www.nfa.gov.tw/eng/index.php?code=list&ids=634,"Attribution required. Only normalized, non-PII factual records are included; original documents are not redistributed."
TWD-S0047,"National Fire Agency, Ministry of the Interior",2016 Meranti Typhoon Central Emergency Operations Response Report No. 2,official PDF,https://www.nfa.gov.tw/upload/cht/attachment/e0e3995de1820ab4ccb794e50e99513a.pdf,2026-09-05T03:45:00+08:00,"[""report-2-v1""]",1b4726311805393f9946b7bf7e194ba86c520a53bb6d4e8f537173b23dea8151,website_open_statement,https://www.nfa.gov.tw/eng/index.php?code=list&ids=634,"Attribution required. Only normalized, non-PII factual records are included; original documents are not redistributed."
TWD-S0048,交通部公路總局,臺灣公路工程第40卷第12期：天兔颱風中橫公路災害應變與旅客撤離紀錄,official web page,https://www.thb.gov.tw/FileResource.axd?path=html%2Fdoc%2F%E5%87%BA%E7%89%88%E5%93%81-%E5%8F%B0%E7%81%A3%E5%85%AC%E8%B7%AF%E5%B7%A5%E7%A8%8B%2F%E7%AC%AC40%E5%8D%B7%E7%AC%AC12%E6%9C%9F.pdf,2026-09-08T22:50:34+08:00,"[""official-journal-v1""]",b56daeb956b8d1b61e7f272bb16943ae9cfeedf935c55b3cd5d2e15c9a81a0df,website_open_statement,https://www.thb.gov.tw/cp.aspx?n=439,"Attribution required. Only normalized, non-PII factual records are included; original documents are not redistributed."
TWD-S0049,"Highway Bureau, Ministry of Transportation and Communications",Typhoon Kemi: Provincial Highway preventive-control notice,official web page,https://www.thb.gov.tw/News_Content.aspx?n=87&s=250940&sms=13235,2026-08-11T19:30:00+08:00,"[""official-notice-v1""]",,website_open_statement,https://www.thb.gov.tw/cp.aspx?n=439,"Attribution required. Only normalized, non-PII factual records are included; original documents are not redistributed."
TWD-S0050,"Directorate General of Highways, Ministry of Transportation and Communications",Typhoon Dujuan Road Status Bulletin No. 4 — normalized official-page snapshot,official web page,https://www.thb.gov.tw/News_Content.aspx?n=87&s=49505,2026-09-08T01:26:09+08:00,"[""official-bulletin-snapshot-v1""]",3b427346756e64bcc795675f69feab67a1e0cb562550aa0f371077079cefedd9,website_open_statement,https://www.thb.gov.tw/cp.aspx?n=439,"Attribution required. Only normalized, non-PII factual records are included; original documents are not redistributed."
TWD-S0051,"Directorate General of Highways, Ministry of Transportation and Communications",0619豪雨 Provincial Highway 24 and 29 road-control notices,official web page,https://www.thb.gov.tw/News_Content.aspx?n=87&s=57313&sms=13235,2026-09-06T07:26:30+08:00,"[""official-notices-v1""]",,website_open_statement,https://www.thb.gov.tw/cp.aspx?n=439,"Attribution required. Only normalized, non-PII factual records are included; original documents are not redistributed."
TWD-S0052,"Highway Bureau, Ministry of Transportation and Communications",因應蘇拉颱風，公路總局提升警戒作業嚴陣以待（注意報）,official web page,https://www.thb.gov.tw/News_Content_table.aspx?n=12181&s=226269&sms=14672,2026-09-06T13:04:30+08:00,"[""official-notice-v1""]",35eb1337070603596bfeb451c701d8906ea42a12ee84c72a2574d7ab81d926bc,website_open_statement,https://www.thb.gov.tw/cp.aspx?n=439,"Attribution required. Only normalized, non-PII factual records are included; original documents are not redistributed."
TWD-S0053,"Highway Bureau, Ministry of Transportation and Communications",因應海葵颱風來襲，公路總局道路資訊彙報（第7報）,official web page,https://www.thb.gov.tw/News_Content_table.aspx?n=12181&s=227396,2026-09-06T12:06:21+08:00,"[""official-report-7-v1""]",ca93830703be71277d5841e75e107fd44d0c7edd1bb1499036ebe1ada29a1fff,website_open_statement,https://www.thb.gov.tw/cp.aspx?n=439,"Attribution required. Only normalized, non-PII factual records are included; original documents are not redistributed."
TWD-S0054,"Highway Bureau, Ministry of Transportation and Communications",因應小犬颱風來襲，公路局道路資訊彙報(第2報),official web page,https://www.thb.gov.tw/News_Content_table.aspx?n=12181&s=230180,2026-09-06T12:35:08+08:00,"[""official-report-2-v1""]",d52ff65af0874ca08a8c7cca1e6b4fe24560d5078e26de39b01934943b448617,website_open_statement,https://www.thb.gov.tw/cp.aspx?n=439,"Attribution required. Only normalized, non-PII factual records are included; original documents are not redistributed."
TWD-S0055,"Highway Bureau, Ministry of Transportation and Communications",因應丹娜絲颱風來襲，公路局道路資訊彙報,official web page,https://www.thb.gov.tw/News_Content_table.aspx?n=12181&s=275308&sms=14672,2026-09-06T13:35:46+08:00,"[""official-report-1-v1""]",2ff7e2bfb76abf656bb1caed27c8f4bc41f6c29fadbcaff16b5410b7fc51e9ea,website_open_statement,https://www.thb.gov.tw/cp.aspx?n=439,"Attribution required. Only normalized, non-PII factual records are included; original documents are not redistributed."
TWD-S0056,"Highway Bureau, Ministry of Transportation and Communications",因應薇帕颱風，公路局提升警戒作業嚴陣以待（注意報）,official web page,https://www.thb.gov.tw/News_Content_table.aspx?n=12181&s=275707&sms=14672,2026-09-06T13:35:46+08:00,"[""official-notice-v1""]",aa2ed6258c663dfd9791973a5b0d02d4480e8eedc5fb76c0fde39fca3011f4b8,website_open_statement,https://www.thb.gov.tw/cp.aspx?n=439,"Attribution required. Only normalized, non-PII factual records are included; original documents are not redistributed."
TWD-S0057,"Highway Bureau, Ministry of Transportation and Communications",因應0728豪雨影響，公路局道路資訊彙報,official web page,https://www.thb.gov.tw/News_Content_table.aspx?n=12181&s=276367&sms=14672,2026-09-06T13:35:46+08:00,"[""official-report-0731-v1""]",5466852e6f0cb0471d57ed8448d9e4ac2b47ef46b004452d61e6d14c8cbb3da4,website_open_statement,https://www.thb.gov.tw/cp.aspx?n=439,"Attribution required. Only normalized, non-PII factual records are included; original documents are not redistributed."
TWD-S0058,"Highway Bureau, Ministry of Transportation and Communications",尼莎颱風來襲，公路總局道路災情彙報(第3報),official web page,https://www.thb.gov.tw/News_Content_table.aspx?n=87&s=195745&sms=13235,2026-09-06T14:14:51+08:00,"[""official-report-3-v1""]",603d1658ecde185c5bfd638bdc75177b32a6653912e0cf54e5b75be1acab4938,website_open_statement,https://www.thb.gov.tw/cp.aspx?n=439,"Attribution required. Only normalized, non-PII factual records are included; original documents are not redistributed."
TWD-S0059,"Highway Bureau, Ministry of Transportation and Communications",杜蘇芮颱風來襲，公路總局道路災情彙報（第8報）,official web page,https://www.thb.gov.tw/News_Content_table.aspx?n=87&s=224008,2026-09-06T11:29:41+08:00,"[""official-report-8-v1""]",e0d05f0e8760ae135c2b869710c216f52c00dd40a8cd3a008abb7018a8dec58f,website_open_statement,https://www.thb.gov.tw/cp.aspx?n=439,"Attribution required. Only normalized, non-PII factual records are included; original documents are not redistributed."
TWD-S0060,"Highway Bureau, Ministry of Transportation and Communications",因應山陀兒颱風，公路局道路資訊彙報1100,official web page,https://www.thb.gov.tw/News_Content_table.aspx?n=87&s=256945,2026-09-06T12:06:21+08:00,"[""official-report-1100-v1""]",079cda7e6037f85671dee2366cc4b9923d8c5e4c5c06814f94956b2751ae5364,website_open_statement,https://www.thb.gov.tw/cp.aspx?n=439,"Attribution required. Only normalized, non-PII factual records are included; original documents are not redistributed."
TWD-S0061,"Directorate General of Highways, Ministry of Transportation and Communications",0612豪雨造成省道災情及阻斷封閉資訊,official web page,https://www.thb.gov.tw/News_Content_table.aspx?n=87&s=40401,2026-09-07T03:02:00+08:00,"[""official-notice-v1""]",baa28f5632047d3123154fecffa945063967439a8b029aabeb423ced78f70eae,website_open_statement,https://www.thb.gov.tw/cp.aspx?n=439,"Attribution required. Only normalized, non-PII factual records are included; original documents are not redistributed."
TWD-S0062,"Directorate General of Highways, Ministry of Transportation and Communications",因應0519豪雨事件，公路總局成立應變小組因應。,official web page,https://www.thb.gov.tw/News_Content_table.aspx?n=87&s=42704,2026-09-07T03:02:00+08:00,"[""official-notice-v1""]",a9449378c93900745b94b00b3eaaa37921655c8475aa6b5e4555cfef03c19efa,website_open_statement,https://www.thb.gov.tw/cp.aspx?n=439,"Attribution required. Only normalized, non-PII factual records are included; original documents are not redistributed."
TWD-S0063,"Directorate General of Highways, Ministry of Transportation and Communications",Typhoon Soulik: staged entry restriction and preventive closure orders,official web page,https://www.thb.gov.tw/News_Content_table.aspx?n=87&s=43173,2026-08-11T20:30:00+08:00,"[""official-notice-v1""]",,website_open_statement,https://www.thb.gov.tw/cp.aspx?n=439,"Attribution required. Only normalized, non-PII factual records are included; original documents are not redistributed."
TWD-S0064,"Directorate General of Highways, Ministry of Transportation and Communications",THB 2013 Tembin Typhoon Provincial Highway Closure Notice,official web page,https://www.thb.gov.tw/News_Content_table.aspx?n=87&s=43582,2026-09-04T20:06:00+08:00,"[""official-notice-v1""]",,website_open_statement,https://www.thb.gov.tw/cp.aspx?n=439,"Attribution required. Only normalized, non-PII factual records are included; original documents are not redistributed."
TWD-S0065,"Directorate General of Highways, Ministry of Transportation and Communications",Typhoon Kong-rey: Flood-Control Closure of Provincial Highway 1 and Other Roads,official web page,https://www.thb.gov.tw/News_Content_table.aspx?n=87&s=43690,2026-08-11T18:55:00+08:00,"[""official-notice-v1""]",,website_open_statement,https://www.thb.gov.tw/cp.aspx?n=439,"Attribution required. Only normalized, non-PII factual records are included; original documents are not redistributed."
TWD-S0066,"Directorate General of Highways, Ministry of Transportation and Communications",Typhoon Kong-rey Third District road-status report — normalized official-page snapshot,official web page,https://www.thb.gov.tw/News_Content_table.aspx?n=87&s=43737,2026-09-07T16:30:00+08:00,"[""official-notice-snapshot-v1""]",f967ce3594904e1b522d2ae201a7388ee23087e522a8c8da50b2089e71fca3d7,website_open_statement,https://www.thb.gov.tw/cp.aspx?n=439,"Attribution required. Only normalized, non-PII factual records are included; original documents are not redistributed."
TWD-S0067,"Directorate General of Highways, Ministry of Transportation and Communications",Typhoon Fete night road-control notice — normalized official-page snapshot,official web page,https://www.thb.gov.tw/News_Content_table.aspx?n=87&s=44089,2026-09-07T19:54:13+08:00,"[""official-notice-snapshot-v1""]",8be686b053182b2f2fe93a79742c1df2229aabd6e680f32d00e675e465ccdeb1,website_open_statement,https://www.thb.gov.tw/cp.aspx?n=439,"Attribution required. Only normalized, non-PII factual records are included; original documents are not redistributed."
TWD-S0068,"Directorate General of Highways, Ministry of Transportation and Communications",Hagibis Typhoon: Highway Bureau emergency response and road preparedness notice,official web page,https://www.thb.gov.tw/News_Content_table.aspx?n=87&s=45937,2026-09-06T08:53:31+08:00,"[""official-notice-response-opening-v1"",""official-notice-v1""]",4f57a03110d3e255167db37ef6828405477254ba9cd22508317d0b4cc1f24c07,website_open_statement,https://www.thb.gov.tw/cp.aspx?n=439,"Attribution required. Only normalized, non-PII factual records are included; original documents are not redistributed."
TWD-S0069,"Directorate General of Highways, Ministry of Transportation and Communications",Typhoon Matmo: seven staged entry-restriction and preventive-closure orders,official web page,https://www.thb.gov.tw/News_Content_table.aspx?n=87&s=46157,2026-08-11T19:45:30+08:00,"[""official-notice-v1""]",,website_open_statement,https://www.thb.gov.tw/cp.aspx?n=439,"Attribution required. Only normalized, non-PII factual records are included; original documents are not redistributed."
TWD-S0070,"Directorate General of Highways, Ministry of Transportation and Communications",THB 2014 Fenghuang Typhoon Provincial Highway 11A Guangfeng Preventive Closure Notice,official web page,https://www.thb.gov.tw/News_Content_table.aspx?n=87&s=46622,2026-09-08T00:00:00+08:00,"[""official-notice-snapshot-v1""]",f295304b635ccee25e9e7fda10af3ddddd502940cc1e1153885e19a6944ceadd,website_open_statement,https://www.thb.gov.tw/cp.aspx?n=439,"Attribution required. Only normalized, non-PII factual records are included; original documents are not redistributed."
TWD-S0071,"Directorate General of Highways, Ministry of Transportation and Communications",Typhoon Soudelor: staged entry restriction and preventive closure orders,official web page,https://www.thb.gov.tw/News_Content_table.aspx?n=87&s=48967&sms=13235,2026-08-11T19:15:00+08:00,"[""official-notice-v1""]",,website_open_statement,https://www.thb.gov.tw/cp.aspx?n=439,"Attribution required. Only normalized, non-PII factual records are included; original documents are not redistributed."
TWD-S0072,"Directorate General of Highways, Ministry of Transportation and Communications",Typhoon Nepartak: staged preventive closure of Provincial Highway 18,official web page,https://www.thb.gov.tw/News_Content_table.aspx?n=87&s=52087,2026-08-11T00:00:00+08:00,"[""official-notice-v1""]",,website_open_statement,https://www.thb.gov.tw/cp.aspx?n=439,"Attribution required. Only normalized, non-PII factual records are included; original documents are not redistributed."
TWD-S0073,"Directorate General of Highways, Ministry of Transportation and Communications",Typhoon Megi: Suhua Highway staged entry restriction and full closure order,official web page,https://www.thb.gov.tw/News_Content_table.aspx?n=87&s=52842,2026-08-11T22:04:26+08:00,"[""official-notice-v1""]",,website_open_statement,https://www.thb.gov.tw/cp.aspx?n=439,"Attribution required. Only normalized, non-PII factual records are included; original documents are not redistributed."
TWD-S0074,"Directorate General of Highways, Ministry of Transportation and Communications",因應0613豪雨本處自6月13日14時整成立應變小組,official web page,https://www.thb.gov.tw/News_Content_table.aspx?n=87&s=57231,2026-09-07T03:02:00+08:00,"[""official-notice-v1""]",05a3c82cfdd3bb745fc21605ec4accc214a49f3f8fba2dfaf7bea56e4f3fae1f,website_open_statement,https://www.thb.gov.tw/cp.aspx?n=439,"Attribution required. Only normalized, non-PII factual records are included; original documents are not redistributed."
TWD-S0075,"Directorate General of Highways, Ministry of Transportation and Communications",0823 Tropical Low-Pressure Flood Event: Road and Bus Status Report No. 4,official web page,https://www.thb.gov.tw/News_Content_table.aspx?n=87&s=57769,2026-08-11T18:52:00+08:00,"[""report-4-v1""]",,website_open_statement,https://www.thb.gov.tw/cp.aspx?n=439,"Attribution required. Only normalized, non-PII factual records are included; original documents are not redistributed."
TWD-S0076,"Directorate General of Highways, Ministry of Transportation and Communications",山竹颱風期間本處道路通阻情形,official web page,https://www.thb.gov.tw/News_Content_table.aspx?n=87&s=57968,2026-09-07T03:02:00+08:00,"[""official-notice-v1""]",d5059434cc5ace7139fe90fbd6e64417443210211d6d9d4d636f1967cf6e2978,website_open_statement,https://www.thb.gov.tw/cp.aspx?n=439,"Attribution required. Only normalized, non-PII factual records are included; original documents are not redistributed."
TWD-S0077,"Highway Bureau, Ministry of Transportation and Communications",因應丹娜絲颱風來襲，公路總局已提升為一級開設應變小組，部分山區路段視風雨提升行動管制作業,official web page,https://www.thb.gov.tw/News_Content_table.aspx?n=87&s=59738,2026-09-07T02:07:54+08:00,"[""official-notice-v1""]",35238fb876d72a77bc6d692053136d606d7a8d0b8efb152dd7ef5624ae32cf6f,website_open_statement,https://www.thb.gov.tw/cp.aspx?n=439,"Attribution required. Only normalized, non-PII factual records are included; original documents are not redistributed."
TWD-S0078,"Highway Bureau, Ministry of Transportation and Communications",因應利奇馬颱風來襲，公路總局道路災情彙報,official web page,https://www.thb.gov.tw/News_Content_table.aspx?n=87&s=59868&sms=13235,2026-09-07T02:07:54+08:00,"[""official-report-aug8-v1""]",4dc67f246513c45931d8ca14a386e84cbd8315e177035874f0fcaca22ad10915,website_open_statement,https://www.thb.gov.tw/cp.aspx?n=439,"Attribution required. Only normalized, non-PII factual records are included; original documents are not redistributed."
TWD-S0079,"Highway Bureau, Ministry of Transportation and Communications",白鹿颱風公路總局道路災情彙報,official web page,https://www.thb.gov.tw/News_Content_table.aspx?n=87&s=59980,2026-09-07T02:07:54+08:00,"[""official-report-v1""]",9f10a267e49593a20eb5e6c858531a768e77dc6bcefd023a4eb8e476f83c2d43,website_open_statement,https://www.thb.gov.tw/cp.aspx?n=439,"Attribution required. Only normalized, non-PII factual records are included; original documents are not redistributed."
TWD-S0080,"Highway Bureau, Ministry of Transportation and Communications",因應米塔颱風陸警發布，公路總局依最新情資執行防災應變作業,official web page,https://www.thb.gov.tw/News_Content_table.aspx?n=87&s=60151,2026-09-06T14:14:51+08:00,"[""official-report-1-v1""]",e7e6e742829b7397a966f6385ee216f4d27d37c22b63fead8ec4f5a2d8f387ec,website_open_statement,https://www.thb.gov.tw/cp.aspx?n=439,"Attribution required. Only normalized, non-PII factual records are included; original documents are not redistributed."
TWD-S0081,"Directorate General of Highways, Ministry of Transportation and Communications",109年0520西南氣流期間本處道路通阻情形,official web page,https://www.thb.gov.tw/News_Content_table.aspx?n=87&s=61082,2026-09-07T02:37:44+08:00,"[""official-notice-v1""]",73363ee141e3172ab52f72b3858f72221f96091f9e3329fd38d5538d29537fa2,website_open_statement,https://www.thb.gov.tw/cp.aspx?n=439,"Attribution required. Only normalized, non-PII factual records are included; original documents are not redistributed."
TWD-S0082,"Directorate General of Highways, Ministry of Transportation and Communications",THB 2008 Kameiji Typhoon Emergency Response Bulletin,official PDF,https://www.thb.gov.tw/resource/Menus/Menu09/main0903/main0903-3/274.pdf,2026-09-04T20:12:00+08:00,"[""official-bulletin-v1""]",,website_open_statement,https://www.thb.gov.tw/cp.aspx?n=439,"Attribution required. Only normalized, non-PII factual records are included; original documents are not redistributed."
TWD-S0083,"Water Resources Agency, Ministry of Economic Affairs",107年0619豪雨水利署防災應變處置消息,official web page,https://www.wra.gov.tw/NewsAll_Content.aspx?n=6272&s=60942,2026-09-06T07:26:30+08:00,"[""official-news-opening-v1"",""official-news-v1""]",f3279dd7be1d794271075a4a956c1a53008c1b2fbec2dbc3ec8ea37eb18c0059,website_open_statement,https://www.wra.gov.tw/wra02/cp.aspx?n=9884,"Attribution required. Only normalized, non-PII factual records are included; original documents are not redistributed."
TWD-S0084,"Fifth River Management Branch, Water Resources Agency, Ministry of Economic Affairs",康芮颱風接近 五河分署提高警戒上緊發條,official web page,https://www.wra.gov.tw/News_Content.aspx?n=6438&s=221335,2026-08-11T23:14:35+08:00,"[""official-news-v1""]",67877205562f955591d4837388e0a36721802db92e49ff8dc82e502a9ca37c14,website_open_statement,https://www.wra.gov.tw/wra02/cp.aspx?n=9884,"Attribution required. Only normalized, non-PII factual records are included; original documents are not redistributed."
TWD-S0085,"Water Resources Agency, Ministry of Economic Affairs",行政院游院長視察敏督利颱風災情,official web page,https://www.wra.gov.tw/News_Content_Table.aspx?n=5037&s=13418,2026-09-07T17:22:35+08:00,"[""official-event-page-v1""]",84d8f3b1515ffbd3f68325345a9a6f86c9f3298d450b497ac0108febd5227e3d,website_open_statement,https://www.wra.gov.tw/wra02/cp.aspx?n=9884,"Attribution required. Only normalized, non-PII factual records are included; original documents are not redistributed."
TWD-S0086,"Water Resources Agency, Ministry of Economic Affairs",成立0612豪雨本署災害緊急應變小組、經濟部災害緊急應變小組及水災中央災害應變中心,official web page,https://www.wra.gov.tw/News_Content_Table.aspx?n=5037&s=13621,2026-09-07T20:00:00+08:00,"[""official-event-page-v1""]",485493e65823df42b9e6e93f508e12f82af8c150842e8f27905b119f8281cafa,website_open_statement,https://www.wra.gov.tw/wra02/cp.aspx?n=9884,"Attribution required. Only normalized, non-PII factual records are included; original documents are not redistributed."
TWD-S0087,"Water Resources Agency, Ministry of Economic Affairs",成立豪雨災害中央應變中心（95年0609豪雨）,official web page,https://www.wra.gov.tw/News_Content_Table.aspx?n=5037&s=13870,2026-09-06T00:00:14+08:00,"[""official-event-page-v1""]",ff1136b9aea918f5c45c64c495e6173f750d0dbe76edc62184f9b5e6c301f722,website_open_statement,https://www.wra.gov.tw/wra02/cp.aspx?n=9884,"Attribution required. Only normalized, non-PII factual records are included; original documents are not redistributed."
TWD-S0088,"Water Resources Agency, Ministry of Economic Affairs",成立0604豪雨本署災害緊急應變小組（96年0604豪雨）,official web page,https://www.wra.gov.tw/News_Content_Table.aspx?n=5037&s=14091,2026-09-06T00:28:12+08:00,"[""official-event-page-v1""]",ddee007e965a2e64a70b1c88c24785cd87b097cd88d7db3991cfd32f81eae749,website_open_statement,https://www.wra.gov.tw/wra02/cp.aspx?n=9884,"Attribution required. Only normalized, non-PII factual records are included; original documents are not redistributed."
